[
  {
	"availableseats": 20,
	"departureDateTime": "2019-04-30T16:14:41",
	"travelRoute": {
		"destinationLocation": {
			"locationCode": "KLG-MY"
		},
		"originLocation": {
			"locationCode": "BEN-SG"
		}
	}
},
                {
                  "availableseats": 20,
                  "departureDateTime": "2019-04-30T16:14:41",
                  "travelRoute": {
                    "destinationLocation": {
                      "locationCode": "KLG-MY"
                    },
                    "originLocation": {
                      "locationCode": "BEN-SG"
                    }
                  }
                }
]