[{
                        "origiLocation": {
                          "locationCode": "BEN-SG"
                        },
                        "destinationLocation": {
                          "locationCode": "KLG-MY"
                        }
                      },
                      {
                        "origiLocation": {
                          "locationCode": "BEN-SG"
                        },
                        "destinationLocation": {
                          "locationCode": "KLG-MY"
                        } } ]